{
  "resourceConfigurationFiles": [
    {
      "name": "bingo",
      "path": "Bingo/cms.config.json",
      "exclude": false
    },
    {
      "name": "casino",
      "path": "Casino/cms.config.json",
      "exclude": false
    },
    {
      "name": "chat",
      "path": "Chat/cms.config.json",
      "exclude": false
    },
    {
      "name": "customer-service",
      "path": "CustomerService/cms.config.json",
      "exclude": false
    },
    {
      "name": "games",
      "path": "Games/cms.config.json",
      "exclude": false
    },
    {
      "name": "horse-racing",
      "path": "HorseRacing/cms.config.json",
      "exclude": false
    },
    {
      "name": "live-casino",
      "path": "LiveCasino/cms.config.json",
      "exclude": false
    },
    {
      "name": "my-account",
      "path": "MyAccount/cms.config.json",
      "exclude": false
    },
    {
      "name": "scratch",
      "path": "Scratch/cms.config.json",
      "exclude": false
    },
    {
      "name": "sportsbook",
      "path": "Sportsbook/cms.config.json",
      "exclude": false
    },
    {
      "name": "sportsbook-live",
      "path": "SportsbookLive/cms.config.json",
      "exclude": false
    },
    {
      "name": "startpage",
      "path": "Startpage/cms.config.json",
      "exclude": false
    },
    {
      "name": "texas-poker",
      "path": "TexasPoker/cms.config.json",
      "exclude": false
    },
    {
      "name": "turkish-poker",
      "path": "TurkishPoker/cms.config.json",
      "exclude": false
    },
    {
      "name": "web",
      "path": "Web/cms.config.json",
      "exclude": false
    }
  ]
}