{
	"verbose": true,
	"root": "arne-anka/bullen",
	"followSymLinks": false,
	"exclude": [
		"node_modules"
	],
	"options": {
		"minify": true,
		"recursive": true,
		"lintFeedback": false
	},
	"sections": [
		{
			"type": "script",
			"options": {
				"lintFeedback": true,
				"uglify": true
			},
			"bundles": [
				{
					"name": "Common JavaScript Bets0",
					"root": "Web",
					"bundlePath": "Web/compiled",
					"bundleFilename": "superbundle.js",
					"options": {
					},
					"parts": [
						{"src": "Script/cookie.js" },
						{"src": "Script/zynaptic.js" }
					]
				},
				{
					"name": "Common Bundle 2",
					"root": "",
					"bundlePath": "Web/compiled/superbundle-2.js",
					"bundleFilename": "test.js",
					"options": {
					},
					"parts": [
						{"src": "compiled/superbundle.js" },
						{"src": "Web/Script/zynaptic.js", "absolutePath": true }
					]
				}
			]
		}
	]
}