{
	"verbose": true,
	"root": "assets",
	"followSymLinks": false,
	"exclude": [
		"node_modules"
	],
	"options": {
		"minify": true,
		"recursive": true,
		"lintFeedback": false
	},
	"sections": [
		{
			"type": "script",
			"options": {
				"lintFeedback": true,
				"uglify": true
			},
			"bundles": [
				{
					"name": "Common JavaScript Bets0",
					"root": "assets",
					"bundlePath": "assets/compiled/js",
					"bundleFilename": "common.js",
					"options": {
					},
					"parts": [
						{"src": "Script/Lib/jquery/core/jquery-1.10.2.min.js" },
						{"src": "Script/Lib/jquery/Lazyload/jquery.lazyload.1.8.4.js" },
						{"src": "Script/Lib/jquery/core/jquery-migrate-1.2.1.min.js" },
						{"src": "Script/Lib/jquery/core/jquery.easing-1.3.min.js" },
						{"src": "Script/Lib/jquery/core/jquery.rebind.js" },
						{"src": "Script/Lib/jquery/core/jquery.replacewith.html5fix.js" },
						{"src": "Script/Lib/jquery/json2/json2.js" },
						{"src": "Script/Lib/jquery/ui/jquery-ui-1.10.3.custom.min.js" },
						{"src": "Script/Lib/jquery/flash/jquery.flash.js" },
						{"src": "Script/Lib/jquery/jsonSuggest/jquery.jsonSuggest-dev.modified.js" },
						{"src": "Script/Lib/jquery/core/metadata/jquery.metadata.js" },
						{"src": "Script/Lib/jquery/address/jquery.address-1.5.min.js" },
						{"src": "Script/Lib/jquery/scrollto/jquery.scrollTo-1.4.2-min.js" },
						{"src": "Script/Lib/jquery/pager/jquery.pager.js" },
						{"src": "Script/Lib/jquery/query/jquery.query-2.1.7.min.js" },
						{"src": "Script/Lib/jquery/techsson/winnerlist/jquery.techsson.winnerlist.js" },
						{"src": "Script/Lib/jquery/techsson/newslist/jquery.techsson.newslist.js" },
						{"src": "Script/Lib/jquery/techsson/slideshow/jquery.techsson.slideshow.js" },
						{"src": "Script/Lib/jquery/techsson/placeholder/jquery.techsson.inputplaceholder.js" },
						{"src": "Script/Lib/jquery/techsson/iebuttonborderfix/jquery.techsson.iebuttonborderfix.js" },
						{"src": "Script/Lib/jquery/techsson/pagemenu/jquery.techsson.pagemenu.js" },
						{"src": "Script/Lib/jquery/techsson/tablecollapse/jquery.techsson.tablecollapse.js" },
						{"src": "Script/Lib/jquery/techsson/dropdown/jquery.techsson.dropdown.js" },
						{"src": "Script/Lib/jquery/techsson/flashwrapper/jquery.techsson.flashwrapper.js" },
						{"src": "Script/Lib/jquery/techsson/menufoldout/jquery.techsson.menufoldout.js" },
						{"src": "Script/Lib/jquery/techsson/contentfilter/jquery.techsson.contentfilter.js" },
						{"src": "Script/Lib/jquery/techsson/verticallistanimation/jquery.techsson.verticallistanimation.js" },
						{"src": "Script/Lib/jquery/techsson/logoutrating/jquery.techsson.logoutrating.js" },
						{"src": "Script/Lib/jquery/techsson/limittextarea/jquery.techsson.limittextarea.js" },
						{"src": "Script/Lib/jquery/techsson/validatealias/jquery.techsson.validatealias.js" },
						{"src": "Script/Lib/jquery/techsson/validatealias/jquery.techsson.validateturkishpokeralias.js" },
						{"src": "Script/Lib/jquery/techsson/partnerarea/jquery.techsson.partnerarea.js" },
						{"src": "Script/Lib/jquery/techsson/validateusername/jquery.techsson.validateusername.js" },
						{"src": "Script/Lib/jquery/tools/jquery.tools.rangeinput.js" },
						{"src": "Script/Lib/jquery/bxslider/jquery.fitvids.js" },
						{"src": "Script/Lib/jquery/bxslider/jquery.bxslider-4.1.min.js" },
						{"src": "Script/Lib/jquery/mediaelement/mediaelement.min.js" },
						{"src": "Script/Lib/techsson/multimediapromotion/multimediapromo.js" }
					]
				}
			]
		},
		{
			"type": "style",
			"options": {
				"minify": true,
				"recursive": false,
				"lintFeedback": true
			},
			"bundles": [
				{
					"name": "Base Modules Bets10",
					"root": "assets",
					"bundlePath": "assets/compiled",
					"bundleFilename": "base-modules.css",
					"options": {
						"minify": true,
						"recursive": false,
						"lintFeedback": true
					},
					"parts": [
						{"src": "../SI-Brands/Bets10/Bets10/Dev/Main/Web/bower_components/realm.promotions/dist/realm.promotions.min.css", "absolutePath": true },
						{"src": "style/baselayout/modules/information/newsarea.scss" },
						{"src": "style/baselayout/modules/information/mainpromo.scss" },
						{"src": "style/baselayout/modules/information/mainpromosimple.scss" },
						{"src": "style/baselayout/modules/information/playersonline.scss" },
						{"src": "style/baselayout/modules/information/tablepools.scss" },
						{"src": "style/baselayout/modules/information/signuppromo.scss" },
						{"src": "style/baselayout/modules/information/custompromo.scss" },
						{"src": "style/baselayout/modules/information/jackpotpromo.scss" },
						{"src": "style/baselayout/modules/information/grandprizepromo.scss" },
						{"src": "style/baselayout/modules/information/topwinners.scss" },
						{"src": "style/baselayout/modules/information/tournaments.scss" },
						{"src": "style/baselayout/modules/information/article.scss" },
						{"src": "style/baselayout/modules/information/upcomingtournaments.scss" },
						{"src": "style/baselayout/modules/information/latestwinners.scss" },
						{"src": "style/baselayout/modules/information/partnerarea.scss" },
						{"src": "style/baselayout/modules/information/rules.scss" },
						{"src": "style/baselayout/modules/information/helparea.scss" },
						{"src": "style/baselayout/modules/information/currentnotifications.scss" },
						{"src": "style/baselayout/modules/information/signuppromo2.scss" },
						{"src": "style/baselayout/modules/information/jackpotlist.scss" },
						{"src": "style/baselayout/modules/information/payoutreport.scss" },
						{"src": "style/baselayout/modules/information/productpromo.scss" },
						{"src": "style/baselayout/modules/information/fastpokercollectionpromos.scss" },
						{"src": "style/baselayout/modules/information/multimediapromotion.scss" },
						{"src": "style/baselayout/modules/information/sportsbookmainpromotion.scss" },
						{"src": "style/baselayout/modules/information/mainpromotionhtml5.scss" },
						{"src": "style/baselayout/modules/information/ongoinglive.scss" },
						{"src": "style/baselayout/modules/navigation/pagemenu.scss" },
						{"src": "style/baselayout/modules/navigation/contactus.scss" },
						{"src": "style/baselayout/modules/navigation/socialmedia.min.scss" },
						{"src": "style/baselayout/modules/navigation/navbar.scss" },
						{"src": "style/baselayout/modules/gamelauncher/netentpokerlaunch.scss" },
						{"src": "style/baselayout/modules/gamelauncher/pokerlauncher.scss" },
						{"src": "style/baselayout/modules/gamelauncher/pokerlaunchersmall.scss" },
						{"src": "style/baselayout/modules/gamelauncher/gamespinner.scss" },
						{"src": "style/baselayout/modules/gamelauncher/gamespinner2.scss" },
						{"src": "style/baselayout/modules/gamelauncher/gamebrowser.scss" },
						{"src": "style/baselayout/modules/gamelauncher/playforfun.scss" },
						{"src": "style/baselayout/modules/gamelauncher/gamesearch.scss" },
						{"src": "style/baselayout/modules/gamelauncher/casinolivegamelauncher.scss" },
						{"src": "style/baselayout/modules/gamelauncher/randomgamepromo.scss" },
						{"src": "style/baselayout/modules/game/minigame.scss" },
						{"src": "style/baselayout/modules/game/minigameselector.scss" },
						{"src": "style/baselayout/modules/game/errormessage.scss" },
						{"src": "style/baselayout/modules/input/accountarea.scss" },
						{"src": "style/baselayout/modules/input/selfexclusion.scss" },
						{"src": "style/baselayout/modules/input/selfassessment.scss" },
						{"src": "style/baselayout/modules/input/userlimit.scss" },
						{"src": "style/baselayout/modules/modaldialog/ModalDialog.scss" },
						{"src": "style/baselayout/modules/modaldialog/general.scss" },
						{"src": "style/baselayout/modules/modaldialog/messagebox.scss" },
						{"src": "style/baselayout/modules/modaldialog/gameloginwindow.scss" },
						{"src": "style/baselayout/modules/modaldialog/simpleloginwindow.scss" },
						{"src": "style/baselayout/modules/modaldialog/gamewindow.scss" },
						{"src": "style/baselayout/modules/modaldialog/joinwithcode.scss" },
						{"src": "style/baselayout/modules/modaldialog/gamechoicewindow.scss" },
						{"src": "style/baselayout/modules/modaldialog/leaderboardwindow.scss" },
						{"src": "style/baselayout/modules/modaldialog/logoutwindow.scss" },
						{"src": "style/baselayout/modules/modaldialog/registeralias.scss" },
						{"src": "style/baselayout/modules/modaldialog/playforfun.scss" },
						{"src": "style/baselayout/modules/modaldialog/livechatwindow.scss" },
						{"src": "style/baselayout/modules/modaldialog/migration.scss" },
						{"src": "style/baselayout/modules/modaldialog/techssonkey.scss" },
						{"src": "style/baselayout/modules/modaldialog/downloadpokerwindow.scss" },
						{"src": "style/baselayout/modules/modaldialog/accepttac.scss" },
						{"src": "style/baselayout/modules/modaldialog/availablebonuseswindow.scss" },
						{"src": "style/baselayout/modules/modaldialog/bonustermswindow.scss" },
						{"src": "style/baselayout/modules/modaldialog/cancelbonuswindow.scss" },
						{"src": "style/baselayout/modules/modaldialog/customerserviceloginwindow.scss" },
						{"src": "style/baselayout/modules/modaldialog/notificationsettingswindow.scss" },
						{"src": "style/brands/bets10/lib/magnific-popup/magnific-popup.scss" },
						{"src": "style/baselayout/modules/vip/apps/article.scss" },
						{"src": "style/baselayout/modules/vip/apps/livescorepromo.scss" },
						{"src": "style/baselayout/modules/vip/apps/mainpromotion.scss" },
						{"src": "style/baselayout/modules/vip/apps/emailme.scss" },
						{"src": "style/baselayout/modules/gamelauncher/gridsportsbookswitcher.scss" }
					]
				}
			]
		}
	]
}